article,title,price,avaible,comments
GKCH023BS,Unmatched: Місто туманів (Cobble & Fog),1 450 грн,В наявності,45
GKCH021RB,Unmatched: Робін Гуд проти Біґфута,975 грн,В наявності,6
GKCH054RB,Unmatched: Червона Шапочка проти Беовульфа,975 грн,В наявності,18
GKCH03536,Комплект Marvel United + У всесвіті Людини-павука,2 248 грн,В наявності,2
GKCH148,Unmatched: Гудіні проти Джина (Houdini vs. The Genie),975 грн,В наявності,12
GKCH158,Котяча риберня (Fish & Katz),880 грн,В наявності,8
GKCH099AR,Авалон (Avalon Класична версія),760 грн,В наявності,8
GKCH007,Одним словом (Just One),750 грн,В наявності,6
GKCH010ORI,Орифлама (Oriflamme),535 грн,В наявності,36
GKCH040OR2,Орифлама. Полум'я інтриг (Oriflamme: Ablaze),535 грн,В наявності,11
GKCH142MH1,Монстри проти героїв. Вікторіанські жахи,450 грн,В наявності,4
GKCH044OKM,Острів котів. Мандруй та малюй (The Isle of Cats Explore & Draw),1 200 грн,В наявності,4
GKCH069RF,Riftforce. Сила розлому,845 грн,В наявності,18
GKCH180bc,Пачка чипсів (Bag of Chips),475 грн,В наявності,1
GKCH073SP,Sweet & Spicy. Битва котиків,495 грн,В наявності,3
GKCH072HM,Голодна мавпа (Hungry Monkey),495 грн,В наявності,3
GKCH067LV,Level 10. Десятий рівень,325 грн,В наявності,10
GKCH068TT,Стежки Тукани (Trails of Tucana),700 грн,В наявності,3
GKCH079BM,B Movies. (НЕ)погане кіно (Обк. Робот-убивця),550 грн,В наявності,2
GKCH086FN,За Нортвуд! (For Northwood! A Solo Trick-Taking Game),425 грн,В наявності,6
GKCH156,Експедиції (Expeditions),3 250 грн,В наявності,22
GKCH160,Нортґард. Незвідані землі (Northgard: Uncharted Lands),2 950 грн,В наявності,19
GKCH164,Книга магії (Spellbook),1 499 грн,В наявності,3
GKCH166,Radlands. Українське видання,975 грн,В наявності,15
GKCH167T,Істота. Настільна гра (The Thing: The Boardgame),2 250 грн,В наявності,17
GKCH016ZKE,Діти проти зомбі (Zombie Kidz Evolution),850 грн,В наявності,18
GKCH080HN,Ханамікоджі (Hanamikoji),405 грн,В наявності,12
GKCH020UM,Unmatched: Битва легенд. Частина перша,1 450 грн,В наявності,58
GKCH026RR,Червоний світанок (Red Rising),1 590 грн,В наявності,16
GKCH029CL,Коатль (Coatl) + промо,1 450 грн,В наявності,7
GKCH033CUB,Кубітос (Cubitos),2 200 грн,В наявності,13
GKCH035MU,Marvel United. Українське видання,1 650 грн,В наявності,20
GKCH053UM2,Unmatched: Битва легенд. Частина друга,1 450 грн,В наявності,17
GKCH078S1,Шерлок. 3 в 1. Набір 1,450 грн,В наявності,5
GKCH085MA,Шерлок. Середньовіччя. 3 в 1. Набір 1,450 грн,В наявності,3
GKCH092S2,Шерлок. 3 в 1. Набір 2,450 грн,В наявності,3
GKCH109S3,Шерлок. 3 в 1. Набір 3,450 грн,В наявності,""
GKCH118S4,Шерлок. 3 в 1. Набір 4,450 грн,В наявності,2
GKCH124S51,Шерлок. 3 в 1. Набір 5,450 грн,В наявності,""
GKCH159,Племена вітру (Tribes of the Wind),1 950 грн,В наявності,4
